<?xml version="1.0" encoding="UTF-8"?>
<project-private xmlns="http://www.netbeans.org/ns/project-private/1">
    <editor-bookmarks xmlns="http://www.netbeans.org/ns/editor-bookmarks/2" lastBookmarkId="0"/>
    <open-files xmlns="http://www.netbeans.org/ns/projectui-open-files/2">
        <group>
            <file>file:/C:/CS%20321/GroupProject_Team9/src/DataModel/Login.java</file>
            <file>file:/C:/CS%20321/GroupProject_Team9/src/Controller/LoginCreation.java</file>
            <file>file:/C:/CS%20321/GroupProject_Team9/src/Controller/Push.java</file>
            <file>file:/C:/CS%20321/GroupProject_Team9/src/DataModel/Course.java</file>
            <file>file:/C:/CS%20321/GroupProject_Team9/src/Controller/DatabaseOperations.java</file>
            <file>file:/C:/CS%20321/GroupProject_Team9/src/Controller/Query.java</file>
            <file>file:/C:/CS%20321/GroupProject_Team9/src/Controller/LoginCheck.java</file>
        </group>
    </open-files>
</project-private>
